,cell2_bc1018,520_1,cell2_bc1010,522_1,cell3_bc1010,26607014,19607016,cell3_bc1011,523_1,cell3_bc1009,64607015,518_1,cell2_bc1011,516_1,13607008,cell3_bc1008,cell2_bc1019,521_1,cell3_bc1017,13607012,61607011,cell2_bc1012,cell2_bc1021,cell3_bc1001,21607010,cell2_bc1020,cell2_bc1016,519_1,cell3_bc1003,cell2_bc1022,cell3_bc1016,61607009,cell3_bc1015,cell2_bc1009,62607013,517_1,cell2_bc1015,cell2_bc1017
2.0,0.5809213399824878,0.726586960658932,0.328344261136543,0.0612253865060246,0.2112761716610905,0.0295719185590408,0.4652758824875582,0.6155804967976359,0.4442577942780642,0.56524121893192,0.9999555065101926,0.3037301937915174,0.4111056363342074,0.0576113512871827,0.9998985665816243,0.4063760374514909,0.3421645579997613,0.9828556455107296,0.9999992251245592,,0.2622702089271449,0.4757054891602305,0.1018562515164897,0.4413783833063534,0.3701952104338417,0.9356933232020352,0.4137894725108488,0.8540562663104803,0.4616035448912056,0.3268262056384333,0.3077399140349478,0.1799944636479559,0.7087840580796801,0.4318571075713147,0.4317750278510712,0.2940083327889362,0.3649071426595715,0.5992348667723079
4.0,0.2245370547655049,0.0316415074954111,0.5968557211044826,0.0669287233333531,0.0399861977850233,0.0386427279275677,0.4668820572188581,0.4817252958289779,0.4470003643886702,0.9139967339823408,0.9937919013776602,0.3047588601479296,0.4111056363342074,0.0649353710398511,0.3873825374725358,0.4024816956794069,0.920906280318772,0.865157950294694,0.7132227985647166,0.3571685668323815,0.999973241243332,0.4757054891602305,0.1833271641001351,0.4403756216085229,0.3768981313123017,0.999665818839649,0.6287000269633947,0.1235808326005608,0.6998221950324826,0.7203216551624608,0.3041823153683385,0.9995013573211694,0.5346843419824503,0.3548837081493853,0.4326991596296005,0.3007381357584848,0.092772149223047,0.9887501080247858
16.0,0.5218978938382681,0.8372470031950174,0.3117979382861477,0.9135301788663368,0.999992154109222,0.9999999910618244,0.4646302493296544,0.1724161911851474,0.437872694042414,0.2122199110866038,0.111832326398828,0.2978561413034286,0.408393335995189,0.0615754940149618,0.3756808364810495,0.3956494403978177,0.7542622687480884,0.6515085376429045,0.9883778640693937,0.3451332823494221,0.2614291455834765,,0.5101521685314672,0.4283684129625536,0.3641630727970395,0.2483089385328915,0.3928690057465173,0.999998000968648,0.4476842768374543,0.3036914484179546,0.2933508596666877,0.1988888319735867,0.7603885460122171,0.8282095867596948,,0.9758688248029396,0.999999980601722,0.1888072508085584
65.0,0.8473199348924393,0.0325670659919183,0.5833255765387286,0.9999848559695628,0.3090573653721097,0.9999558977721908,0.4655590708806651,5.69917193855415e-07,0.4426141791505878,0.8134901506862762,0.1202651630971336,0.996985919000275,0.4111056363342074,0.0774930557106828,0.3886491196666335,0.663875390014294,0.9106504395547128,0.0989197139160388,0.5318188728683167,0.354996631258352,0.9976854250377696,0.6636940731850787,0.0031331723117833,0.4421996865366067,0.3845164601023351,0.2665969650591848,0.1425930957189203,0.642192934574592,0.4400634185494474,0.3094215984026591,0.294387099476509,0.1730501938023013,0.0936404594243063,0.3311853166406335,0.4280377145922578,0.3365050980203388,0.6081875538552453,0.5820973148012291
85.0,0.9985601317239636,0.0326871880241,0.3598579807242398,0.0722363008347894,0.9999946888412424,0.0378550432897346,0.4627447355362114,0.4170979177044187,0.4596485963496219,0.6513026785232291,0.1178974187306453,0.8728493705437235,0.4106839124446327,0.1132395540070237,0.9922499759389196,0.9961854656552886,0.6011089099801605,0.0989197139160552,0.9999711626781193,0.3565928010877685,0.2747651063044054,0.4650894172347722,0.9999999827140724,0.4331357042935082,0.3919784533853504,0.1179463925646963,0.444059502035027,0.752063558548319,0.4363948329164192,0.3825902450535903,0.3190382520104612,0.1738632579881265,0.2460810739988628,0.2630654264166528,0.4373040474289053,0.8408237400339764,0.5866470500024503,0.98959000614129
87.0,,0.0284184505070783,0.3068527034593023,0.5421196516385711,1.249738671235447e-13,0.9646892189094014,0.4627935324378785,0.5700967474877714,0.9707810032583176,0.2575134079835903,0.9998886518309438,0.2972173030607247,0.3963063985585961,0.0627910430413803,0.9931246598395764,0.6620003737996238,0.7453532350436866,0.4280602980606762,0.999981707976443,0.3533645723029046,0.8018253163410349,0.4650894172347722,0.9999924648982124,0.4265656805399641,0.3453697546643187,0.5563364109204364,0.588368149843415,0.7134871083153592,0.4484443192513618,0.9998568698645096,0.000279857163139,0.1832607389587729,0.9999945468015768,0.5387316743524022,0.4262320610713498,0.9493321106450604,0.2201611023807127,0.7056312984021975
92.0,0.2148289362434302,0.0275821635953135,0.3154368715840663,3.491963067586262e-16,0.1396189158613271,0.0341648653786342,0.4618323052561308,0.9196029455015614,0.4325809049958398,0.2016723446906019,0.1172583368048181,0.2927857709931883,0.3863069839200454,0.0641566571273296,0.3581824391168179,0.3861075408864033,0.3203606000880559,0.5370266469242282,0.9781231028860968,0.3392507051041048,0.2566290222243305,0.4427717868000671,0.484970050254461,0.4224016840101589,0.345420506108659,0.5404659510450235,0.5993932375581443,0.966618840562055,0.4525094436271586,0.9358709306358236,0.3077399140349478,0.1868707683908163,0.5380215256666174,0.3061515766676785,0.4239460285511698,0.2636745380087629,0.2143372883628362,0.9749947284653786
134.0,0.1710973791541799,0.0008945349703505,0.5824069104511256,0.9824822538101292,0.0001719553539593,0.0423989297015127,0.4627791625222138,0.9968102706123672,0.4504243938837243,,0.1558259046456076,0.3282883591908389,0.9614273139646548,0.1016537083170868,0.3725505224669061,0.8663223504758742,0.966700815898606,0.0685468320009471,0.9975152384411032,0.3860489322685778,0.2757061397641572,0.491256496534549,0.9827485393474056,0.4421996865366067,0.3845555420168833,0.2534405385074112,0.6125018922366168,0.0044699233982129,,,,0.1738703053059021,0.7967809969405989,0.3061515766676785,0.4301176264090161,0.0012467702867204,1.5090664599326422e-08,
137.0,0.9995205724121252,0.3991704273046247,0.3026282121792196,0.2099630099604265,0.1713248530119563,0.0490952881856086,0.4597818766640089,0.3978211568589005,0.7838001533524889,0.9465338171485036,0.1174364762007771,0.9940124972961192,0.3872846251083532,,0.9478217199543736,0.5804042298227051,0.3410001365931583,0.7256094206898073,0.7123705456720119,0.3427619693467421,0.2319233448020996,0.4396723391048167,0.9510988000695568,0.4224016840101589,0.3405541040051135,0.2624781772333262,0.5786810217423625,0.0223387718481125,0.4482624131002503,0.0854706336950914,0.9897810648711988,0.997044178171777,0.7365819710718077,0.0901027636715313,0.4268115849959119,0.289049767917593,0.2049197593657897,0.5784929705088915
138.0,0.9654644881467496,0.9997933723657864,0.3072960740136631,0.7302265102904291,0.9999976125441072,0.0337453805544725,0.4618323052561308,0.9998455207263836,0.8120588127191077,0.3727635998428411,0.1254650015302587,0.3001615118361387,0.3989175199687517,0.9998889226865556,0.3680514854976171,0.2439602416370129,0.3221265385686587,0.000212603303859,0.9971941839724836,0.3427619693467421,0.9178421346919132,0.454544722513651,0.1720697931895355,0.4224016840101589,0.3613316939990781,0.2494028871219066,0.3923371260357274,0.0362319281642108,0.8520122094178908,0.0083172360378318,0.3009320727145502,0.9996945819728138,0.7630726155942703,0.0900996223954346,0.418811457637542,0.2768440625145737,0.5233201574078415,0.7454196256336691
139.0,0.4871041766377239,0.8651543754459421,0.3187675684587208,0.964076002513932,3.007282546046563e-11,0.6511341134648966,0.4618323052561308,0.9975265173905988,0.4328437697073302,0.9613457105021588,0.1174364761994043,0.8141067832457926,0.3872846251083532,0.0641566571273296,0.3581824391168179,0.7212186957910391,0.3398218228279888,0.9752804599638986,0.9449106208394172,0.339195210967465,0.971867200346471,0.3932840228771894,0.951040463688474,0.43152076907213,0.3454205053286481,0.2554295771391981,0.6173067327502568,2.660861985390105e-09,0.6765738189445302,0.3201090135475316,0.8025769059092513,0.195342208981711,0.6951068106215451,0.6353948222097212,0.423273090980633,0.3005822893773518,0.2071130033889924,0.2739852130473515
139.8,,,,,,0.9994299772356297,0.4621115156197461,,,,0.9973759725491927,,,,0.953588811326458,,,,,0.999701262342458,0.985120309202736,,,,0.3454205053286481,,,,,,,0.1863490274504428,,,0.4254816400255934,,,
140.0,0.8807601426156895,3.1316783004590854e-08,0.3290936441672597,0.98979316229225,0.9999999999971312,0.999096437710828,0.4621115156197461,0.3103477686759142,0.9324958094204056,0.0183543034817445,0.1251262251889066,0.990953772700318,0.3998535586311769,0.9999956482101218,0.383701857380322,0.9939354205660232,0.3407873516429699,0.6434350184203055,0.1728136108125651,0.3355256325486791,0.950104824307386,0.4429021128153729,0.9863967656974556,0.427062989914727,0.3664737980882568,0.2417413929868305,0.5784898805021083,0.0069336595563071,0.4450020829380547,0.0891742307004133,0.011391804766675,0.1983906412871568,0.9999999882946105,0.3235112144276781,0.4254816400255934,0.289049767917593,0.4461468299588903,0.7114417429533592
142.0,0.8731309627717779,0.9997006638163524,0.3086374521232785,0.935233185828592,0.999676714222838,0.9379057469365338,0.46738919742909,0.853669683909253,0.4300982936850389,0.2029847881869195,0.1092068339035472,0.8255116353724692,0.3872846251083532,,0.962791175790933,0.3861075408864033,0.3203606000880559,0.0983419055539277,0.8192739234484812,0.3357124665756614,0.9964057181110256,0.6446502500903467,0.9945141333507268,0.4380792990955797,0.9648322393451856,0.244835721399623,0.4048751190780598,0.0100690937457555,0.3502772101026577,0.658373312963467,0.9763316787489292,0.1889658491455212,0.0964440615983746,0.3114380823459156,0.423273090980633,0.0898781215407985,0.6056903431976604,0.341318334527083
144.0,0.91703368477618,0.1040064026902792,3.381485107957057e-05,0.0675508230839852,0.9999998823915304,0.9999148227348544,0.4616990464198981,0.0491588391311096,0.4426141791505878,0.6839420865007009,0.1143917562061784,0.2157270643160122,0.400293121129217,,0.3705006670036697,0.3549603109943729,0.5851333107657568,0.8446778038875977,0.9996777537572452,0.3424252512450263,,0.4700842861209822,0.4893438981882379,0.4207438424764792,0.3627624248082573,0.5356176060855057,,0.9808308836013604,0.6836378778236708,0.2883679434214738,0.9291943019107431,0.1943234630155839,,0.2552163317173551,0.4267302959615539,0.5950484267427856,0.7046750759057918,0.5759432163991635
146.0,0.4800179889985779,0.1040064026902792,0.9933219704400928,0.9999624963960658,0.6434507810596525,,0.4648901820918121,0.9999102743085396,0.4685925848242282,0.9913393518156418,0.1146151626444329,0.7486878488697525,0.3879698339056047,,0.3761310420526355,,0.7493282034792934,0.983794317862828,0.9999123925193362,0.339470928175848,,0.4613035240235646,0.7423331657453802,0.4346753887234785,,0.2415910747483553,0.0304861297050706,0.0077070176958546,,0.3153034559607721,0.974146198288616,,,,,,0.0288935118000282,0.3413183589575821
147.0,0.2148289362434302,0.1396392181595868,0.9929152313135784,0.0904774175281091,0.9999480111529008,,0.4627447355362114,0.827528340083926,0.444405762043847,0.7301172737688865,0.1177263257056094,0.8343855599144364,0.3883701425833979,0.9952899458469304,0.3834465210138163,,0.9672218855331806,0.7113790904255234,0.4775717533504828,0.3099420600282894,,0.4396723391048167,0.9862445432227844,0.4224016840101589,,0.2533905176060638,0.6279120811619556,0.1329530530156845,,0.2819657794842151,0.2822327445127259,,,,,0.2695834259494255,0.8730615569943129,0.5370447875804532
148.125,0.2285875521900201,,0.975336423850814,,,,,0.8617379908934433,,0.924374361114153,,0.9728345495814114,0.3872846251083532,,,,0.252243728144939,0.963879566958645,0.14767632594211,,,,,0.427062989914727,,0.5477251910578451,1.230481317518896e-10,0.986125328333207,,,0.2729836879016513,,,,,,,
148.875,0.2023535071900437,,0.290595598960098,0.632804496813524,,,,,0.4367874289789814,0.9247739011720792,,0.2571481634102828,0.388635603322907,0.0531043657733678,,,,0.9998660086057264,,,,,0.9999999998101076,0.4413783833063534,,,0.6010300807178678,0.9978966434112828,,,0.6744386521757639,,0.9260521143521432,0.3443946590871155,,,0.6515605289032896,0.3559038348618747
149.0,0.8544114667770945,0.9612421836560444,0.129611618545907,0.9997530055896536,0.9992978224642568,0.9934558444636612,0.4627935324378785,0.703715667782527,0.4155728790651979,0.8089607000613235,0.157379814408043,0.3047137907814638,0.6965687544355322,0.7651802650771533,0.3607478233231384,,0.3136601814171965,0.9914014361376228,0.1737125026275595,,,0.4186063479809409,0.6742720005068035,0.7339744367038281,,0.2415910747483553,0.3916594922317138,0.0053075145504038,,0.2252455692416653,0.2881489255228886,0.1936049051993367,0.9430904407540344,0.2985170520628473,,0.2695834259494255,0.1299187096353278,0.294863138879446
151.0,0.0250374966359818,0.9470372782897964,0.3105367637725766,4.076478842162252e-06,0.1076184279877871,0.071381581302171,0.4648819990777499,0.0529917088594585,0.9612782394165318,0.1886553887096558,0.1122379373173562,0.2978122064885688,0.3963063985585961,0.947474997373841,0.3754191212615909,0.959593804524152,0.7341482147155125,0.0897325758658614,0.159903279351124,0.3533265116373794,0.2587227091280327,0.4553371341010179,0.6215209248065259,0.4265656805399641,0.3411983422202113,0.2533905176060638,0.174385145897191,0.9000040313832764,0.4589154976137138,0.3036914484179546,0.9721138744513476,0.1936049801478474,0.9158760530188078,0.353747535919651,0.423480946281112,0.1426606171208367,0.5996589176070509,0.3942849664791119
152.0,0.5370714364205521,0.9978686876741608,0.3141876868092257,0.0302817223132129,,0.9986700651032016,0.4655754424957676,,0.4368026704358599,0.9951912215654982,0.1123828880690742,0.2950384753053202,0.1262426063653235,0.890670747195971,0.3733943245350578,0.3915761926193655,0.3243194532675195,0.8553696327459179,0.9993865719266156,0.3469828028808419,0.9883329527891132,0.6571493082743682,0.1838448714510598,0.4403756216085229,0.362026046392862,0.2636403144782582,0.4092707531477424,0.7060769605338101,0.671008946762465,0.3090650073813329,0.2881489255228886,0.1832093447748881,0.55150270673438,0.121546267148555,0.4115976923479513,0.2969520161647455,0.2136761113900048,0.1809686679596812
165.0,0.2345047245704244,0.0148129678114337,0.290595598960098,0.0576240974297166,0.9855899698510258,0.0388784883676255,0.4627935324378785,0.6919207697826375,0.459415660572227,0.1886553887096558,0.9255282334085,3.994739674758673e-06,0.3911097924932537,0.0778344657128319,0.3607478233231384,0.3700194287654917,0.5223723491780707,0.9125923442115964,0.4493558700338047,0.3331534589169817,0.2483753231690553,0.4186063479809409,0.8875516945469883,0.4076268386318123,0.3297023425235822,0.2415910747483553,0.4287985792364902,0.983742741264418,0.4202328495001915,0.2638586307857949,0.9669223690570522,0.1659017155021719,0.2499096936679045,0.2906727475595117,0.4115976923479513,0.5637424059234828,0.5651056521477617,0.5055605000489917
183.0,0.042142791514433,0.0388932386889716,0.3193167126602406,0.0583848983536531,0.9712768483506624,1.0,0.4618323052561308,0.1845516129481062,0.8072124158432064,0.5683532901166737,0.9999996831586482,0.2793492079826698,0.4014742252560041,0.977318910867546,0.401159499305116,0.3982001838249374,0.3410001365931583,0.0882907149622927,0.1719965965268595,0.353287781200565,0.2809776805386602,0.6794843741856799,0.2014433744878099,0.4298415379722494,0.399512365752171,0.2398376277147495,0.3971380506651094,0.7237863855678895,0.4458941972042567,0.3270770267990427,0.3002061900459616,0.1636069121713868,0.9969854995369118,0.1311332413136942,0.4301176264090161,0.3060829178916405,0.6098194209145329,0.4328343076843591
185.0,0.2023983496180544,0.9749000514055788,0.5498774912294951,0.999579497478408,0.5311652368791576,0.9897274074365884,0.4656093404372281,0.7663341630713767,0.4325809049958398,0.6930115011382866,0.1188028112143848,0.2891204473165535,0.397473740820518,0.9989506594162436,0.3733943245350578,0.3813549640186384,0.3421645579997613,0.5703950891802265,,0.339883681616662,0.271614683982273,0.4333626493781518,0.4929301783059606,0.4207438424764792,0.3440978781885996,0.2617580334126313,0.3749016442332783,0.487844451387732,0.4453341834009507,0.0292587494203816,0.9234451426666984,0.1857296049665295,0.7208897774417037,0.3443823744085034,0.4195355791364718,0.2757551973075894,0.4222077280647094,0.0007644563628055
186.0,0.2148593021138908,0.9830508404346332,0.5590082022111155,0.9994012786247298,0.9801911450379122,0.128932037850292,0.461782846540465,0.3778245343826549,0.7734481129465732,,0.1131286408725342,0.2927857709931883,0.4128575847385282,0.988889640228228,0.3578458140784823,0.3813549640186384,0.1334511671516246,0.1372156609212896,0.1515682492497397,0.3391952677089945,0.2516247422840757,0.454544722513651,0.0791429263096059,,0.3454205053286481,0.9566612149810144,0.5781412802233719,0.8431323104435234,0.4482624131002503,,0.5588081862844593,0.1857296049665295,0.2137946468844744,0.9973792951771184,0.4201688453875229,0.2816589963247688,0.4205850122254093,0.3455678740118913
188.0,0.2044220279409478,0.8491189941614186,5.736236031561521e-07,0.8235990910319563,0.9983545892398832,0.0405767868109555,0.464592073679878,0.7310026890842972,0.7800781641154545,0.9707797674533498,0.117563997034025,0.3044478178420258,0.397473740820518,0.9999999999995578,0.3608990961623886,0.3861075408864033,0.3145379817341039,0.9998915592393526,0.1520762950638966,0.3355256325486791,0.9850753962367008,0.7849075909565142,0.1615962559219274,0.4331357042935082,0.3786386607374051,0.2417413929868305,0.329811081692348,0.9854810369639414,,0.2821748409278694,0.2134007999350113,0.1954314230294334,0.9939901436248748,0.988060857233796,0.423273090980633,0.2816589963247688,0.0672043613189347,0.3559038348618747
189.0,0.2286577663259321,0.9986707504546408,0.5780191620821197,0.9751189949787522,4.52128415959633e-06,0.9998387389975424,0.4668820572188581,0.0707028708549642,0.4368026704358599,0.2216954645552983,0.1172987291943111,0.0003140623854381,0.4128575847385282,0.0700231283936712,0.3597245641636631,0.3813549640186384,0.3221265385686587,0.9980412970270388,0.1598579160067931,0.342922273041609,0.7890388103627399,0.4486101701853772,0.9998455310902654,0.427062989914727,0.3664737980882568,0.9912932833308172,0.3979716132993613,0.7484783952931995,0.674850733398905,0.3200770512686257,0.1255548291643216,0.1786230944518819,0.001863283416076,0.9866720269064612,0.4267302959615539,0.289049767917593,0.3723360757531659,0.3277706641686012
190.0,0.2260730359190311,0.9971156428064776,0.3013693784622358,0.5066266451210684,0.0074545166760954,0.8294979947098288,0.4707018213604934,0.0704587309007866,0.4338834275477772,0.1901371113138474,0.117078346196181,0.3028359460046596,0.9915105106079422,0.9999984576173422,0.3697751405431014,0.6704611362385353,0.5712486500748037,0.9953608745135448,0.1459888636267867,0.3566316579808539,0.2566290222243305,0.4396723391048167,0.0751239047551466,0.4198938707976018,0.3483396368541241,0.2417413929868305,0.3861689531859578,0.0020457389924614,0.4527217720522301,0.2921783785338543,0.7287081049576201,0.1849343587238662,0.5695526619794647,0.98625448716297,0.418811457637542,0.2734755891320315,0.5167831398514099,2.380846132159407e-13
269.0,0.2430767010189262,0.0393925826841066,0.9272660222164651,0.9999999999989192,6.347997533367552e-05,0.0378051834807902,0.4669142322422173,0.1917055659826981,0.4442577942780642,0.4917300848270967,0.8659674632582898,0.3089803342862866,0.4098792186400269,0.063331995733671,0.3862662234034082,0.4031558798887809,0.3360488013829024,0.993212890540744,0.0329283473092105,0.3437776715729359,0.2658230553308849,0.2150238692548857,0.0802956686766155,0.7530762778155802,0.3733431407581829,0.966475576169263,0.4084927229643038,0.9762538989207062,0.745794107258527,0.5279431218131039,0.3031440764788165,0.2097425512931026,0.0719201208970577,0.2904372213023181,0.433516323878777,0.2934829287710437,0.4989295556346381,0.0348135832878576
290.0,0.5072512750389186,0.6306836636054945,0.3013693784622358,0.6695319334111417,0.4606472685966655,0.0381452697352133,0.46738919742909,0.5610715438329414,0.4302154166671011,0.2108662830433304,0.1188474033664393,0.3057463036007669,0.9709742307066574,0.0626304274693326,0.3734664965829991,0.9746854837664508,0.3190836012518316,0.5787135316850185,0.4800759911362787,0.3437227208284108,0.999220739152205,0.6563845198851133,0.0633182198610152,0.4371557489503961,0.3637288714897477,0.9442727418504095,0.1406419672139416,0.9999887251111524,0.4530489805501848,0.5282036011953816,0.5680700732471148,0.1936049051993367,0.0004857315859164,0.5286829630217371,0.4195355791364718,0.7272398095481206,0.619320545311169,0.5859085443944109
293.0,0.2493302726391149,0.0014046162695202,0.1154253879863302,0.9451953231880034,0.8933475283748484,0.0585415190619162,0.4597818766640089,0.6180699576440178,0.4389044365246307,0.9321223514150094,0.1142994654017674,0.3008123264295393,0.6794112205721348,0.999999891456992,0.3733943245350578,0.3957040588381382,0.9444500431909468,0.9342715006838817,0.1773466661781716,0.6120792338927057,0.9843443939239404,0.5067831421970767,0.2022182278269505,0.43152076907213,0.3636519821791835,0.9208114150580514,0.3971380506651094,0.7247973775431026,0.4458941972042567,0.2642083208323412,0.3015050482225187,0.1654457630953531,0.3063740640070799,0.5557949070346262,0.4233765611227717,0.9822592272565104,0.3360699196876303,0.2088404314915236
305.0,0.2260006728986604,0.0337077714003892,0.9992398852355142,0.5625537882353562,0.1562861089926068,0.9998778112451756,0.4652758824875582,0.9963487911369264,0.4367874289789814,0.9926845007178012,0.1148235858558041,0.2891204473165535,0.1002179726701422,0.0639172724004636,0.9902271510222362,0.3956494403978177,0.3249611138305437,0.0045508756981231,0.488880230673214,0.3451332823494221,0.9472523878915023,0.65958702017429,0.171696188932527,0.4283684129625536,0.3641632164731738,0.2483089385328915,0.3971380506651094,0.0029339356085501,0.4559287413674362,0.2932131924654282,0.9971426737485944,0.1989306955137311,0.6397313288405794,0.3271237103441941,0.428411852447168,0.2731800421254471,0.4613939464028792,0.3559038348618747
335.0,0.8690519128999,0.0008996622695205,0.57883331379339,0.0432422265823091,0.9794037875877174,0.0409491548117335,0.4683738997139157,0.276491222332346,0.4368883706342342,0.0819152386041334,0.1121857827026785,0.3017763771435463,0.0073892180166679,0.999997583004088,0.9826932270902876,0.4024816956794069,0.7312819269189543,0.0043459717154839,0.9967973987180476,0.3469861285495232,0.6424982196149734,0.321842511278231,0.1600742991018938,0.4403756216085229,0.9989440958628384,0.9908970912174172,0.3861689531859578,0.9999999999297284,0.4477341990945795,0.0375403243820274,0.2924312013494048,0.1989351154046285,0.9955888459829744,0.4783829345535637,0.4317750278510712,0.2808882104961363,0.3543401033851185,0.564217575431119
336.0,0.5216122550050494,0.0153152778199758,0.705088235795324,0.9903591571454124,0.6007514511750724,0.9831305632791532,0.4627935324378785,0.6978771727269358,0.4392448945820106,0.0869754426419039,0.1249712258878085,0.2987336926353073,0.4111056363342074,0.9998122103914902,0.9955972180582754,0.3978122614898537,0.5673235263378313,0.9934134763938932,0.9984966319287788,0.345185396353859,0.6388691222001088,0.6563845279699225,0.9994712117226682,0.4413783833063534,0.3671543301354835,0.5477135353862559,0.3829850719805331,0.9997165486798234,0.44284098283042,0.6981606037766795,0.9926007927983724,0.1733306830474123,0.8079832543760797,0.5382510962169147,0.428411852447168,0.9770366683292088,0.4817979650782254,0.6355472738297071
337.0,0.2494406476247162,0.0249906058627868,0.3073912975719429,0.9264977187669198,0.9999712542081068,0.0584612463851392,0.4627447355362114,0.5124627013992825,0.4421222753221451,0.2076817459553027,0.1142474694037893,0.2898080547563747,0.3883701425833979,0.8043694140127919,0.3756808364810495,0.4053170093659206,0.3239742278547963,0.0469117392539847,0.997059510286021,0.8221584003192709,0.2640719757632793,0.4617913552624362,0.171696188932527,0.42732709374049,0.3454206391581809,0.2482933822267758,0.4235652261294336,0.9999999981728238,0.6750969117155479,0.6482628800699688,0.2808527793936292,0.2170648481653647,0.9261282113569668,0.3368280907180693,0.4276785509992891,0.7613093687323227,0.1464445418659913,0.3796128366380385
343.0,0.2261517278144344,0.0269159761689897,0.983578892277824,0.99999689380227,0.6106915822277271,0.0338498925285932,0.4646302493296544,0.5174790939005868,0.4345673805048437,0.6760609164122275,0.1248427716079028,0.2968545057896052,0.9986743647633556,0.800100592885765,0.3761457597244163,0.3928673576443779,0.1223656707879669,0.7200932135058615,0.0672536923352002,0.8925207837840172,0.2581480421039755,0.4801251180611151,0.9999993885061362,0.4371557489503961,0.9890006061293894,0.9982221062501084,0.586695622608564,0.999998490308219,0.4619154659354426,0.9802744720404052,0.9177860740703428,0.193698864125592,0.99988214373863,0.3974066437422593,0.4257229205421787,0.273130177087802,0.607082544076152,0.3276889225118871
344.0,0.1189537603563737,4.04721152138706e-05,0.1180855765469161,0.0895082181134536,0.7301776872642189,0.0531865428825606,0.4627935324378785,0.6713740050924885,0.4521811037503199,0.0152391185878882,0.1365470055154524,0.7511658071806542,0.6927088809492835,0.9999999987607532,0.4015232478033894,0.1455237508714229,0.3407873516429699,0.9973330556907648,0.0802905744806829,0.9999723011219556,0.2889646148137316,0.4553371341010179,0.9999999449969788,0.00639533602597,0.977310088383784,0.9996160845967864,0.4137894725108488,0.8206437063518832,0.473453713389517,0.6133431069824975,5.31096933415921e-07,0.2099509311666915,0.9926045137135324,0.3192560880059566,0.4440991108542403,0.3215865363537617,0.6769825346248826,0.9046824437078698
346.0,0.7209466403838323,0.0314085023458593,0.3173845403191784,0.0573669386541823,0.7195089579401585,0.9935573903527004,0.4652606258665037,0.0105051853086234,0.4318195935854305,0.0688914840925974,0.120440703880452,0.2793492079826698,0.3989175199687517,0.000313000128028,0.3704410841513742,0.6502522065373438,0.326449367832955,0.0838234978046774,5.933718899719028e-13,0.9726055683876944,0.2590841393719428,0.4479664934516108,0.7795929475100052,0.4253954095131161,0.3583406311786129,0.2624781772333262,0.411869565712293,0.9129548385317224,0.9910320465011376,0.9895334146103568,0.9949216833430458,0.1666810207706372,0.0339588283062603,0.6883750639234139,0.4254816400255934,0.925377486566365,0.7412233918316755,0.0631502321341113
347.0,0.6660461110672158,7.183269375644864e-35,0.9953952637675528,0.9997453207325128,0.9999954091256642,0.0350075449518149,0.4649954946627978,0.3469192448793066,0.4466995948421618,0.2190187243745957,0.1142627596039568,0.2982756478063537,0.7648165912208629,0.0644390324942004,0.3756808364810495,0.3928491566989578,0.042478482307777,0.0933311648333669,0.7474010016997786,0.9999701802749592,0.2640719757632793,0.6163749896629008,0.9999995750114252,0.4265656805399641,0.9951254876683924,0.9998858478605486,0.396787003921379,0.999960254776196,0.9849665755154948,0.5724019306978774,0.2721712995221875,0.1834769235928419,0.929521528873612,0.370315084325174,0.96406799222462,0.9886868450691092,0.3665464868865753,0.3559038348618747
350.0,0.2260781190162385,0.0171656073243957,0.9038739037737876,0.9999917498991352,0.1980237354205983,0.0360943459655487,0.4656093404372281,0.0522506463728328,0.4317943056568484,0.2443558472392542,0.1178519286975488,0.2950384753053202,0.6701344133109745,0.7154903279686468,0.9933739501488098,0.3928673576443779,0.286202937072816,0.7261862442989793,0.1667781990735847,0.347544252583864,0.2509156372600805,0.1786512482989678,0.1663847814408787,0.4296655656047049,0.3671543301354835,0.2597009679360091,0.3861689531859578,0.999943956307976,0.4458941972042567,0.536270107668309,0.2924312013494048,0.1877645972341444,0.0539918252919551,0.689423227098545,0.4239899823523546,0.1028607397213976,0.2365784005159454,0.901939547971035
354.0,0.0912888617896181,0.9374190038893888,0.5933737119329091,0.0574093932907978,0.946218956804713,0.0500794762300953,0.4627791625222138,,,0.0934606012918614,,0.3017763771435463,0.4126588776180077,0.4117249418481927,0.9673860613664438,0.3900121655282854,,,0.0780174925424769,,0.2625631487630796,0.4757306565941885,0.0741703138118147,0.4380792990955797,1.746698701877757e-05,0.1191873332728385,,,0.4579393795918449,0.3213162036286399,0.134239005154366,0.1833737306116954,0.9903577399469716,0.1445479547739323,0.4292921767114482,,0.9998079382201768,0.5736560800610924
356.0,0.2149158797842638,0.5245696347147357,0.99883087526179,0.9909197770671072,0.5307270394595255,0.0499788895186753,0.4634796685771796,0.1799399552332634,0.9405825452421396,0.2022668329298378,0.1142968727333845,0.9907778778300836,0.3883701425833979,0.9906225847721418,0.9654578240248872,0.3861075408864033,0.3203606000880559,0.5616047935511478,0.1520756180623994,0.3391952677089945,0.2566290222243305,0.1383361623032996,0.1617066350572934,0.4224016840101589,0.3454206391581809,0.2449428666164246,0.3760273630860833,0.4908797005118584,0.169044619559145,0.2824247360051093,0.2790937117733274,0.1955266237925528,0.0819325221199584,0.0900231942926324,0.423273090980633,0.0154061142950288,0.1786106778850655,0.5422224689538229
360.0,0.9999973039322216,0.0523411555423527,0.583081145432578,0.9998655796311904,0.1170511151624364,0.980990641739414,0.4652758824875582,0.7395627548334339,0.4379747413402656,0.2076817459553027,0.9855996989682004,0.3016122092866654,0.9892491036357384,0.9995843118725548,0.388221095805345,0.3700194287654917,0.1482147617011174,0.551373502801336,0.0872208620088702,0.3478408723365045,0.2760338042221996,0.4670215026519993,0.3020472306331727,0.7605411551708476,0.3575011708884852,0.9446870351600322,0.411869565712293,0.9627593402189968,0.4631375432817018,0.4209574723899311,0.3080427671976742,0.1824380140214953,0.0002543588646486,0.4269942013251909,0.4257229205421787,0.6311932198980197,0.9999925642633714,0.9969060146186428
362.0,0.999999651002271,0.0935630538276267,0.303204194068547,0.8443736802629478,0.3724916434694266,0.0398188681374811,0.4681624064340535,0.2320309641967524,0.4325809049958398,0.0844080335120853,0.7114682260941432,0.9977095944958092,0.3883701425833979,0.9941515132724416,0.3581824391168179,0.3861075408864033,0.3203606000880559,0.8020863452144473,0.5102030918878758,0.3391952677089945,0.8722858236363654,0.4553371341010179,0.4181360156268935,0.7266318875838854,0.3454206110753009,0.2068711857413122,0.4084927229643038,0.168889436243769,0.9563609658186198,0.2820689157233057,0.2790937117733274,0.1657236221511098,0.0819325221199584,0.0865292212943661,0.423273090980633,0.7732534304204913,0.9940966972875902,0.5503382269957205
363.0,0.0825484092204046,0.0388932386889716,0.3197290607780792,0.9993056016752024,0.0005200951618886,0.9999882920766427,0.4627447355362114,0.9999840398573911,0.4421222753221451,0.1014248290535653,0.987126808780358,0.3092733322976309,0.4060921746300276,0.9283956291104708,0.3878777946440105,0.4053170093659206,0.5997284623480894,0.2827868228079124,0.8039970965630108,0.353287781200565,0.928093510616928,0.6356354565040373,0.8209667357236012,0.4371557489503961,0.3578079471100133,0.2534403429576896,0.3971380506651094,0.0549478934999062,0.9635575110810568,0.1174012762506081,0.3058735021074074,0.1955262463244635,0.9997904892508228,0.5073825762424776,0.4373040474289053,0.0357822857735968,0.9876786493767068,0.3592303259730625
388.0,0.2620547750464886,0.027305180382638,0.5866611806528034,0.0628660113612581,0.116560622449602,0.0631464518655649,0.4674750058412519,0.4451849757059901,0.4392448945820106,0.9999985128090704,0.1247972064062983,0.3029461735953733,0.408393335995189,0.9978947555814466,0.3846705964937403,0.3978122614898537,0.3261069454290583,0.0929622445181584,0.1653012351252354,0.3499648155799627,0.9609531882149056,0.4617913552624362,0.4900069732949486,0.43152076907213,0.3786384970483352,0.2534875759723245,0.1753454158287704,0.6332799404591706,0.4428384669514394,0.559233651528786,0.3126001523739182,0.1734510222126778,0.9902396099476152,0.3396401205254808,0.434569042635977,0.2845966763072401,0.481401812940875,0.9141512187556328
397.0,0.2433944493967876,0.0274338638179812,0.9799127460346072,0.0667515830416843,0.9999918306095824,,0.4656093404372281,0.0482535957829883,0.4338834275477772,0.4993636992817766,0.117078346196181,0.2894180977775256,0.9515495198074492,0.987859542490212,0.3587896704218658,0.8746985431500803,0.779862354139557,0.0904210201198441,0.7310161547444859,0.3392508397601624,0.2566290222243305,0.4548473771008864,,0.0735120582371435,,0.5728042403127406,,0.6908439966176357,0.4482624131002503,,0.2790937117733274,0.1954833243281756,0.424352091916017,0.9850917805183316,0.423273090980633,0.925654223510904,,0.8881539493352691
399.0,0.4910382404204059,0.0317497018518966,0.301565463745062,0.0627947687910244,0.5544163155873397,,0.4597818766640089,0.8354578845206898,0.4328437697073302,0.2310150013777045,0.1250845331899197,0.2900644446899087,0.895069622096913,0.9965898744370928,0.3702143796556439,0.6671095969817296,,0.0966322700793484,0.1601106508705958,0.3499648745087203,0.2647494311277889,0.454544722513651,,0.9094278638661786,,0.99058450486901,,0.9984810273489644,0.6743820850525372,,0.550386984237235,0.1745310822975452,0.9987316282316318,0.0862130337611998,0.4267302959615539,0.7243392268048001,,
400.0,0.5259566218869357,0.0141855328908859,0.5942589566975963,0.0975909845707586,0.5651796410165184,,0.4627791625222138,0.1656603931887851,0.4389044365246307,0.0846875838092461,0.1558259046456076,0.3030515236440758,0.9611703374815712,0.1103263698234922,0.3677157462090144,0.9602252513853814,0.3222092325491105,0.1197441913369363,0.4965187918129497,0.3424252512450263,0.2824039248876779,0.454544722513651,,0.4224016840101589,,0.2646732713313806,,0.1062174067987911,0.6660459401083563,0.9610928447303008,,0.1957036184414498,0.9459070831799222,0.424652197899394,0.4221582810424691,0.2851566998317174,0.999913356557131,0.3641409071680547
401.0,0.224605863551858,0.0129200173377924,0.9989594873208928,0.0009381235306822,0.9946022827577288,,0.4627447355362114,0.3045346135332213,0.9307685061237884,0.4962222613412156,0.1249706913985006,0.2960367582418185,0.8941892373614194,0.9997888484425914,0.4325644356651499,0.8825223754829102,0.1230683845031822,0.1050212763090157,0.4635671382829437,,,0.437144369819761,0.184239356962418,0.424625843788937,,0.2479477066225187,,0.99909923913268,0.6825045938203455,0.9939707016574412,,,0.8472171103041329,0.9557947179432909,,0.979052182880256,0.7528893521010249,0.2087926889217907
402.0,0.3032525503091108,0.0222134713157762,0.6810302913452366,0.9955114507894436,0.1044938373085416,,0.4648901820918121,0.9944102177682708,0.4389044365246307,0.2016723446906019,0.117078346196181,,0.6402442229356641,0.9991651490398472,,0.4036558164864719,0.3843941116183753,0.1183877931944017,0.061751371604582,,,0.4551062015850448,0.7719125727184352,0.0713141030767184,,0.2399552690264058,,0.999610774682468,0.4486888683005021,0.2837397810393942,,,0.9981655781595468,0.7962936092752131,,0.9562435261207198,0.6913958286560209,0.6539958736391885
403.0,0.9219686218400024,0.7121099254004476,0.1013150266939245,0.1463244143063509,0.8885213441121581,,,0.4266248978762651,0.4302350099414736,0.2317041210062567,,,0.3863069839200454,0.9997872804446306,,0.3806367783077584,0.3233058443542888,8.368168546789532e-10,0.91420363658307,,,0.6364045797158377,0.161846043852591,0.4212150010760204,,0.2370350384734983,,0.0018833149203557,0.4534346326438399,0.1997534339641479,,,0.9911764058791596,0.3472066377836056,,0.9960790167536104,0.0119019538227213,0.55306986730814
407.0,0.2405577063986082,0.9994788140678816,,0.9082210421926052,0.9970314957722884,0.995755365222295,0.4676866535936524,0.1541823197738176,0.4381931686334643,0.1957389510217483,0.1098990627172583,0.2900644446899087,0.9638451153278792,0.7072464020350693,0.3745389514564879,0.9955188479936166,0.3010755926458288,0.7993363951416687,0.1615249487849375,0.3363451323233351,0.9812504451101076,0.6549685499105687,0.2383248375541537,0.4283684129625536,0.3454206110753009,,0.5884625211358024,0.9428539969222534,0.8626305595256594,0.6479003716684947,0.5502860490307496,0.1744691886596381,0.9461257048849108,,0.4195355791364718,0.994288988094859,0.5702627985415849,
408.0,0.2024443996384768,0.9999997344474912,,0.9956371013218404,0.9898481176148216,0.5834207563141461,0.4663127252189086,0.9999790605810516,0.4328437697073302,0.4297656890977593,0.1250431311726243,0.9995914673303548,0.3998535586311769,0.99799055995589,0.9807355523564848,0.3901104958115001,0.3297428710063836,0.9993500924393712,0.2504472510579495,0.342815275567621,0.2644300536806402,0.433601702028293,5.471177656179405e-12,0.427062989914727,0.3620650288881587,,0.751121385477964,0.982883242220848,0.4458736360414428,0.8140873123657437,0.7158927574200652,0.1733318110520951,0.8608973085614288,,0.4267302959615539,0.9709884858431642,0.2047896653127334,
410.0,0.0561479064449061,0.9739910791701452,,0.9344818219893684,0.999865213398632,0.0075594252099874,0.4646302493296544,0.9801733463771496,0.4381931686334643,0.6713494897084774,0.1178493654721843,0.2891204473165535,0.857469106274943,0.0003431381473031,0.9746578738530444,0.0009551413806284,0.3341095144992006,0.9561439657095732,,0.3553363406360881,0.2622702089271449,0.7934883390516584,0.5008817581843403,0.4207438424764792,0.4090368384683884,0.5758487746048835,0.3464024755687171,0.9760780768741186,0.4478660601776713,0.5662971917574336,0.9915194983436604,0.1635503827749749,0.0572885336819016,,0.4317750278510712,0.9766206216873928,0.9909365200716704,
411.0,0.2149110176687969,0.999999037575394,0.3197297085854254,0.99949329355521,0.6736471958669564,0.0492215605824157,,0.9999999992574932,0.4338834275477772,0.0668025113020255,8.81209492770917e-06,0.2950384753053202,0.9614612332702964,0.5070689907922274,0.9928562373041188,0.9834327268071374,0.320569279300181,0.9999999996815272,,0.3391952677089945,0.2705057540269996,,0.7546817176219283,0.4227398151618217,0.3454205053286481,0.2482933822267758,0.5845051675030406,0.7874589513013476,0.4482624131002503,0.5280401854760407,0.9918650523651852,0.9933569644604572,,0.2985664514730333,0.423273090980633,0.981401232186516,0.9635227011457926,0.1459219956657838
412.0,0.2024443996384768,0.9999998389661952,0.303204194068547,0.9998455969232688,0.99011189268678,0.0335797319061644,0.4639491331339777,0.9922513333224282,0.4338834275477772,0.1972039343652665,0.112062640792954,0.2978122064885688,0.3904375240543284,0.5042440881420014,0.967203160631922,0.3908449180401069,0.8828818560894746,0.9749789728348124,,0.3365277112975427,0.2664923044026575,,0.2695812775155451,0.4394851536448239,0.3798506129198697,0.2533905176060638,0.627931351369667,0.0209165214074323,0.1956422961421696,0.9685735676420056,0.9595248942612622,0.1888642764793572,,0.9309650547443226,0.4239899823523546,0.9669356462062778,0.4432370031580723,0.9023814158233476
413.0,0.2437371780603033,0.9999977009864662,0.3019788288056235,0.5415416818292864,0.5894519217149986,8.773059606788664e-06,0.4627935324378785,0.9800230007198072,0.4328437697073302,0.0848006092566901,0.1250846271534734,0.3090634333263976,0.6687299980760056,0.5997505703066119,0.3591010709343465,0.3700194287654917,0.8983439018867209,0.0155236421475681,,0.3431908408070142,0.2644300536806402,,0.9596089185839094,0.4289783505053402,0.3454205053286481,0.2645944307115287,0.3979716132993613,0.9992514109231968,0.442779583256581,0.5074787451097389,0.9843102812971048,0.195342228442026,0.9869737630757895,0.8988003060946501,0.4267302959615539,0.200225474569991,0.0001532248014627,0.355319043056371
415.0,0.1940517686857627,0.9677091727158418,0.2912719483968364,0.994925941156924,0.5894254993796797,0.0480354210176705,0.4646073178867072,0.0542395816197911,0.4392448945820106,0.1895029204289133,0.992625525113127,0.3100471746523252,0.6790650052325395,0.0697622338968358,0.3875371612654147,0.3978122614898537,0.8363490663881398,0.9477253996870594,,0.3501539119668516,0.2710249435063205,0.6735283255965396,0.4266116518836616,0.43152076907213,0.3786386607374051,0.1086244170114636,0.3977821591786203,0.6294450117641032,0.442779583256581,0.2637385344314606,0.9720250786260018,0.1659605916902574,0.0158957635696474,0.1295113782383543,0.4115976923479513,0.2845966763072401,0.956143114547844,0.3122308641910558
455.0,0.5363342133830746,0.9999999607705644,0.3193171839367107,0.5245446930323028,0.1910082308906995,0.9837684242208208,0.4597818766640089,0.1657280960945988,0.4392448945820106,0.2310150013777045,0.998917113951092,0.2978561413034286,0.408393335995189,0.0695732440827405,0.3873026233546166,0.3978122614898537,0.3259139019773791,0.0948165428556791,0.1648275995692943,0.3499177287722292,0.2710258263289476,0.4617913552624362,0.9998416157965012,0.43152076907213,0.3786386607374051,0.2533905176060638,0.3979716132993613,0.1062101381919482,0.4427792445093441,0.1193104865116359,0.2997817716643492,0.17313894930197,0.6824238266556305,0.3396019180888232,0.4292921767114482,0.7496180966540679,0.9013767454202738,0.5725055272600726
460.0,0.2185356519904376,2.432450239915232e-10,0.7305742807915626,0.9976108725558096,0.0088573668732234,0.9957383265183696,0.4652606258665037,0.5498470726952838,0.4362032791905555,0.9740630432637654,0.1143888405016075,0.1275101551166829,0.973985383704728,0.9992213434524058,0.3581824391168179,0.3861075408864033,2.386155901812966e-09,0.9999993564271842,0.1515682492497397,0.3391952677089945,0.2691852679193593,,0.5103933179803002,0.4224016840101589,0.3454205053286481,0.5345411467646914,0.5788091949612643,0.6440101168772314,0.4666265946209255,0.2820614745950039,0.5502144285923912,0.906296075471075,0.5811870525594391,0.5073911373216973,0.4232733618942833,0.1569989865912711,0.0673391454754915,0.2747493180627876
461.0,0.4799907162333816,0.1356460860306308,0.9837630785365428,0.019083282869397,0.000721529432571,0.0553766520124537,0.4646302493296544,0.6455100699952792,0.7680867734953059,,0.9999999939646196,0.9848324941126084,0.6784605743824955,0.91144681238987,0.3566232871110666,0.3806367783077584,0.3298035909934413,0.9978668152758214,0.147130999606078,0.3636341988112777,0.2760599120744295,,0.7279134193877429,0.4380792990955797,0.983190756843744,0.5469742825050427,0.2367188735401007,0.6232621619718448,0.4478656904736407,0.0998622234694134,0.945127001396424,0.1893617445776443,0.0839044000803249,0.1102186812328328,0.9362117122956056,0.5617839490770247,0.9992595572125524,0.995735983216939
463.0,0.9838642917948204,0.136667119287957,0.7308334078642991,0.0636768692033818,0.0217276376310835,0.9119338218008464,0.46738919742909,0.4006177455330938,0.4338834275477772,0.2080577527468195,6.315424890064909e-28,0.6276104474241555,0.950685683601185,0.9967746715454676,0.9925037473981878,0.3861075408864033,0.567780840210325,0.267480565159263,0.1724802071720841,0.3381815398658125,0.7834730979752822,0.4548473771008864,0.1664831424029717,0.427062989914727,0.3454205060449211,,0.3760273630860833,0.8583063106752097,0.448261903686811,0.298447111040526,0.9881993506890928,0.1897545434604732,0.5544860841120335,,0.423273090980633,0.0201141198035368,0.2071130033889924,0.5422487196519523
464.0,0.9788257259615564,0.4915419273024805,0.5580902639263344,0.5697454009963264,0.921198146024802,0.9999999999617044,0.4648901820918121,0.4222734705370503,0.4489884566502715,0.580231537214189,0.1247972064062983,0.3001615118361387,0.9798594125266946,0.9989524782089932,0.9373734256273772,0.4025534308000413,0.5913655325163292,0.9332816963793334,0.1496603953814527,0.3555041937615808,0.7746546720228432,0.4696620031244438,0.0607493263935645,0.4207438424764792,0.3454205053286481,,0.9875896180973796,0.8328808045721009,0.448261903686811,0.552823692677418,0.9999501615310472,0.1747985188089729,0.1030430640675057,,0.4317750278510712,0.2659988137074531,0.999999965637714,0.996080733221473
465.0,0.924860222220354,0.0152209640002443,0.3239461948240266,0.9994028736414904,0.3737356477427862,0.9211374360597469,0.4648901820918121,0.336636378015982,0.4399037440677699,0.0180031947561323,0.9991999502131408,0.3037301937915174,0.9583221737046528,0.9999994100753148,0.3697751405431014,0.3949499482829344,0.0652403752222748,2.64898268209004e-07,0.1515682492497397,0.3427619693467421,0.6981694643700393,0.4724932711467382,0.1665865064486139,0.4207438424764792,0.3664737980882568,,0.3923371260357274,0.9591513200789796,0.4450015289567129,0.1164420397722784,0.5887034688661097,0.1845131377195162,4.356505033736396e-32,,0.4314536085090647,0.1332287470957504,0.8052212039688922,0.355319043056371
467.0,0.9999969968899408,0.078872428048723,0.6019106781667406,0.9949115461983484,0.9999997664348096,0.9994363294753064,0.4616990464198981,0.2038003644098962,0.4435672327641522,0.0346356962920572,0.1261802227167541,0.3057802040329848,0.4128575847385282,0.9999494834001964,0.3790506174823753,0.3949499482829344,0.12314667404296,0.0932812406346139,0.1648275995692943,0.3550785686499133,0.6495100093652594,0.1928722585639951,0.1972234744839762,0.4346753887234785,0.388451379363598,0.7495761818595168,0.6257093016896429,0.95262281942899,0.4652244716405832,0.3153034559607721,0.3044171732803503,0.1744197762856943,0.1030430640675057,0.3235112144276781,0.4344578927635201,0.2574411010768052,0.2353922797464329,0.1897603290628722
482.0,0.6615107558621672,0.0295193352651892,0.5661701555593813,0.5133585153119963,1.189631759045381e-23,0.0288249219407083,0.4627935324378785,0.4020414520652646,0.4345673805048437,0.0969301432945719,0.9961036938172704,0.3282883591908389,0.3963063985585961,0.7992920432529945,0.3734664965829991,0.3923856447597307,0.5665539320446082,0.7116249618515692,0.4800759911362787,0.991813353136208,0.9828811181662866,0.8096946267869229,0.4967585768152512,0.7308561718068678,0.3733431410610488,0.2482933822267758,0.588359087072655,0.7223643902189764,0.675007165641809,0.296713051950417,0.2881489255228886,0.1936049319675926,0.9127063318941931,0.9597987612040464,0.4262320610713498,0.5683792605006457,0.2235970197162732,0.5533210674060233
500.0,0.2536388023450432,0.0327152980348255,0.600115767079873,0.6082552284147072,0.1110999934072424,0.9999999994847092,0.4627935324378785,0.2041189079672904,0.4466995948421618,0.2385283963828311,0.118804222325352,0.2973538674607915,0.6802261598274674,0.0646793972415629,0.3862662234034082,0.4024816956794069,0.3422959494548379,0.932412591927235,0.5463712525299966,0.9951289116917786,0.2622702089271449,0.4700842861209822,0.9075164194806532,0.4413783833063534,0.3768981313123017,0.9991051629386816,0.6268733793303702,3.5709446787402973e-44,0.9743083302301871,0.7384112409011562,0.9969585362322094,0.1941604315085452,0.5378336936012749,0.9557065395217568,0.4356329310098083,0.3007381357584848,0.663779174986091,0.357064642082334
518.0,0.1544573759036996,1.9641865578285742e-20,0.3578732774055685,0.0573103592131392,0.6258372509311714,0.9013535799931872,0.4655590708806651,0.2905020324550955,0.4155728790651979,0.1529879782950681,0.1572057170826766,0.3100471746523252,0.6986963735775509,0.1093553731473062,0.3451159570483586,0.4085892619910153,0.3842991852732769,0.9874401805946488,0.4876354004972723,0.3768916514315424,0.2798476693595175,0.5095225471124202,0.912796688082344,0.6631308973919603,0.8700466738614877,0.2731656455366017,0.6336264126761433,0.7234734322491876,0.4510523725645263,0.995643803709275,0.4785115240424576,0.1845131377195162,0.6089973821391315,0.3405108096578701,0.4505958057066255,0.9999780318228768,0.1300715429394654,0.1558646226323141
588.0,0.0972302899847477,0.042669326200793,0.5341696157154108,0.3769360429398709,0.999999954996019,0.0386934343230757,0.4674750058412519,0.2004289183730705,0.4466995948421618,0.2385283963828311,0.1558259046456076,0.2885694552549453,0.4153647010267744,0.064628493603429,0.3886491196666335,0.4024816956794069,0.3589358917794938,0.0108293118741958,0.7139774652722126,0.3590256223288235,0.9996273828881116,0.4741651386519735,0.9999999998649216,0.4413783833063534,0.3768981313123017,0.9962412068689924,6.614993877349173e-07,0.99995327753589,0.4618889897011665,0.9911965786712466,0.8005197820585453,0.0468388859829721,0.1236691444428063,0.1485853354872991,0.4326991596296005,0.3097162129021476,0.523785949321673,0.1887885953131802
612.0,0.5196248181187448,0.0208638283254215,0.2967538010937879,0.9043425500645532,0.9803326687763984,0.0417670799356893,0.4627447355362114,0.4242205780147417,0.4302753299540521,0.2214772525455964,0.978319727576324,0.29314394321427,0.3872846251083532,0.9965752761894038,0.3888706727442786,0.3949499482829344,0.5617099284285448,0.9983453926937452,0.0005135258481605,0.3427619693467421,0.2590842790564482,0.454544722513651,0.06588681155058,0.427062989914727,0.3406468777243982,0.2494028871219066,0.3923371260357274,0.3692311016704886,0.978311876805284,0.3174009968952318,0.7753737774031231,0.8917681871782444,0.0819325221199584,0.3235112144276781,0.4267302959615539,0.8406342130700734,0.4131304389693113,0.7888116782928506
620.0,0.484475903171794,0.0272062505168067,0.2963393101904946,0.1826310293938472,0.2509486634731108,0.0341650881523468,0.4674750058412519,0.4658303824211596,0.4325809049958398,0.7928174906374762,0.1118783052833918,0.9895689159672544,0.3883701425833979,0.9693228890344544,0.3552162964687283,0.3949499482829344,0.1413398492906522,0.0826135384880096,0.6596659967797175,0.3437227208284108,0.2566290423810851,0.656589441408739,0.9902118390052392,0.43152076907213,0.3448325630905011,0.9988928586306371,0.7242929312929255,0.0965800613496726,0.9781694530729308,0.7818766961375532,0.6923949773510796,0.1847747813433221,0.953069158203752,0.3061515766676785,0.4239460285511698,0.9174426645087892,0.5795799418633846,0.1445149738340342
624.0,0.7852492207695648,0.026373419442231,0.3236977299519479,0.0140386334721764,0.0647642278280781,0.493119667872266,0.4597346687092605,0.9695469362531238,0.4301037855050877,0.1911969850850526,0.1129915558340878,0.2968545057896052,0.3863069839200454,0.9450372429753804,0.3589649883382143,0.3813549640186384,0.3184565633131178,0.2714178101114941,0.914859084989472,0.3381195432967625,0.2566290222243305,0.4696620031244438,0.2157564677241897,0.4207438424764792,0.3454205053286481,0.2417524585943259,0.3760829533163721,0.0017889085234602,0.1689781089900375,0.3263133802380013,0.5620072221746397,0.1857794924152028,0.9971792166372104,0.0900607699465519,0.423273090980633,0.9210443606996792,0.8440383687520485,0.5502215444417593
640.0,0.9661446644513212,0.0148085531285414,0.930935220783588,0.0281984416955048,0.9999810252391887,0.0316578633020695,0.4627447355362114,0.7209929974816366,0.4345673805048437,0.9979551850286296,0.1141528303451316,0.3285095146615227,0.3904375240543284,0.0591135963412528,0.3569255737788989,0.3901104958115001,0.6687682705660665,0.5914291948445534,0.0385963578373071,0.353287781200565,0.9989682892796216,0.8054712569489308,0.2443218404591574,0.0851722060016691,0.3624027306669048,0.5336354825427511,0.3393532405682386,0.9330102073689516,0.9937016634141512,0.2968668705236794,0.2808527793936292,0.1799590889274876,1.635189479093166e-07,8.166256119122136e-05,0.4373040474289053,0.6954176830349523,0.9998811846937488,0.5422257960304188
641.0,0.0884140025516,0.0254239970566477,0.9849653455427576,0.116145949432369,0.9744537562976824,1.573381301760126e-07,0.4707021649305119,0.3420871118966434,0.4596485963496219,0.2363913857471778,0.1585789468129484,0.2793492079826698,0.4330976741735704,0.1018714091835958,0.3607478233231384,0.4200151348328776,0.558524500095058,0.9966246002073708,0.8706141351327218,0.9853303739143916,0.3152871313809053,0.4949936410495062,0.9188654079241624,0.4076268386318123,0.4014202683515969,0.2533905176060638,0.0495805218402931,0.4091975033545228,0.4780271441414243,0.1743496905794241,0.2721712995221875,0.1942773761772164,0.999957780392314,0.3198275505172217,0.4281083745047737,0.6675235281966619,0.5352338716031976,0.8624777879473969
644.0,0.2411520045824887,0.4915497080442123,0.7743617052675567,0.0636031575689722,0.9999562270361454,0.0008654086765268,0.4634796685771796,0.0402342969966751,0.4489884566502715,0.9987150545956968,0.1416024089196131,0.0385530987040537,0.3883701425833979,5.272297557490369e-12,0.3888706727442786,0.3957040588381382,0.3298035680367025,0.9861267879459368,0.9991201651736418,0.3394703771933525,0.2879317677631524,0.65451249680076,0.0788675887696184,0.4387629939455394,0.3454907343327748,0.2483089385328915,0.3826961515981046,0.9711455595924132,0.4453710985745982,0.3153963315529448,0.3131358251663514,0.1743569464651034,0.4204294323489403,0.328073597203115,0.4314536085090647,0.6058249399455228,0.6540021603751807,0.1867571174274548
674.0,0.0249925124062836,0.9984329363990332,0.2963393101904946,0.0612928356487131,0.999999672476806,0.0352110578404649,0.4639491331339777,0.0467494884391794,0.4317748125666097,0.9999999931046694,0.1130384243070513,0.2793492079826698,0.3904375240543284,0.0561492895027772,0.3878777946440105,0.3908449180401069,0.3233058331926827,0.0782128858319034,0.1452781347518489,0.3366945335117439,0.2508851455573621,0.454544722513651,0.1964028756446403,0.4207438424764792,0.3441728477261145,0.2369129078390343,0.7703837320043097,0.7160626336237672,0.8597145969835496,0.2919986703469912,8.060801391396637e-08,0.2000035819046966,0.9999969663945132,0.1101931595494804,0.4239460285511698,0.6974051517204995,0.999980545368906,0.9971248432964794
676.0,0.2345047245704244,0.9999997820365936,0.1294894267968223,0.0631951452959711,0.9999491776448453,0.0479451784073808,0.4639491331339777,5.894406075245113e-05,0.4392448945820106,0.2307581052644775,0.1252934061245039,0.2960046269008125,0.4223329956487296,0.0696367097109623,0.3873026233546166,0.3978122614898537,0.3259139391299024,0.0923538865175645,0.0670622450655765,0.3499177287722292,0.9972949042851438,0.4724932711467382,0.1711400141230285,0.43152076907213,0.399512365752171,0.2533905176060638,0.3979716132993613,0.1062101381919482,0.169579951711679,0.3199931706132866,0.3186561253615499,0.1633318322774016,0.999994432220872,0.3396019180888232,0.434569042635977,0.6526914175271974,0.1410707508899752,0.9929265370749498
721.0,0.2541000517438826,0.042669326200793,0.3072974661117784,0.999996904967717,0.9999933418092968,0.0610250536118717,0.4668820572188581,0.6414184228942186,0.4432373595160292,0.2482546226542239,0.1403284125995131,0.3026928176999134,0.4131473851718164,0.0890501987381321,0.3916759682202648,0.3989547676624521,0.3439302078734372,0.0820139414266443,0.1851391140554953,0.9810453619666172,0.2869695213562131,0.4675573337232347,0.1602395893465023,0.4385458659044248,0.3795227017234791,0.250002674983028,0.4122315441031115,0.1353115106886402,0.966860574669737,0.3237759932210625,0.6161919877641778,0.1583945069431598,0.9999229600999104,0.5819198254790048,0.4353928128160652,0.3138678634020401,0.2512329198318135,0.7306326551946821
723.0,0.5347080055967672,0.0368230531787636,0.5759304597584597,0.0585282789943791,0.9909061364676062,0.0490944519047959,0.4627447355362114,0.2311806722171298,0.4369713125300702,0.714207397219032,0.9997293343875284,0.3208389828513015,0.4105409057875508,0.0673610475394646,0.3704410841513742,0.3978122614898537,0.3384073386080677,0.845532782159653,0.5415590421628593,0.3550785686499133,0.2650137557388683,0.1758825743299484,0.0003152497020266,0.4329879091991475,0.3569914501364307,0.2613993699359599,0.6172500067541673,0.9897564778534078,0.4546407946361083,0.3094215984026591,0.2989729936890728,0.9964918822728392,0.999941642045462,0.345284504428867,0.4314536085090647,0.6352363779364918,0.2691866457204932,0.049683327994403
732.0,0.2204479402482865,0.0327824745216764,0.3141876868092257,0.0639385311008138,0.1186232029970126,0.0334644951061406,0.4646302493296544,0.5774840713151689,0.4368026704358599,0.5247584551105741,0.997487637109728,0.3090634333263976,0.4066142300767441,0.9999998273004764,0.3741817259770212,0.3915761926193655,0.3243620395742099,0.8253076995977177,0.168024686764059,0.346982389126099,0.2584461342333883,0.4506901587567526,0.9999957750959726,0.4296655656047049,0.3620260439306851,0.2636403144782582,0.3984082578302622,0.7921652278172021,0.8647451870119264,0.8391585540967823,0.5774315168354427,0.9695680270431394,0.0851661995865757,0.9187589153905572,0.4239899823523546,0.7417249537708864,0.4447401728883255,0.7908488140662253
743.0,0.2056384505070921,0.031417650887143,0.3009510271517132,0.056156056984164,0.764986093172321,0.0351790551898926,0.4648901820918121,0.4044291138005472,0.4317748125666097,0.1956826301615793,0.9666868506802834,0.2978561413034286,0.3863069839200454,0.4985850001557582,0.3569255737788989,0.9855552082496876,0.990635630677548,0.5984825279821305,0.1452781347518489,0.3366945335117439,0.2508080031738782,0.6544728337827818,0.9538546481416886,0.42732709374049,0.3440978794633361,0.5344103913769214,0.3815703424966904,0.6314228783670602,0.4530489805501848,0.0558443262531914,0.2808527793936292,0.1897545434604732,0.9982099845443394,0.5177310874607562,0.4239460285511698,0.6034341195085113,0.7704203203258693,0.662467381055155
744.0,0.982854080696796,0.9996026194522988,0.5742612679735509,0.0636708929494454,0.1168490772875243,0.9999986336016442,0.4652606258665037,0.3535154308880834,0.437872694042414,0.2088272694689414,0.1147268590969694,0.3092733322976309,0.4316118249774233,0.0611543619545926,0.3754191212615909,0.3928673576443779,0.3259547957655459,0.0891590285511528,0.1648275995692943,0.986932529224063,0.9651837145485692,0.4553371341010179,0.7731297059651432,0.43152076907213,0.9817340380905424,0.2596141506867394,0.3979716132993613,0.5979198083585278,0.4476842768374543,0.9727936130855104,0.2924312013494048,0.1733785781636699,0.9999999999881788,0.8283477807430917,0.9392085342865734,0.5904424192856843,0.2084470212575444,0.5642150787484622
747.0,0.6020931103227622,0.9994485786497256,0.3193171839367107,0.9628322673076436,0.1110042325100713,0.0589728346858853,0.4676866535936524,0.1923087663541198,0.4531135199148437,0.2588962953961533,0.8208793559997843,0.3282883591908389,0.4066142300767441,0.0869128293798406,0.3916759682202648,0.920668584972147,5.013270167678548e-05,0.6082821559932914,0.9792500010311262,0.3624025262414114,0.2765995500877042,0.671052359601702,0.8000385008673288,0.4474187939860544,1.227845010426337e-05,8.856504750672445e-09,0.4335465664657808,2.352310699568035e-52,0.4735241983914636,0.5392170713419316,0.596684213436055,0.1659779757971125,0.9999999979513688,0.5257381203755189,0.980441653750855,0.6944753219510095,0.999995100372254,0.4238570698806875
752.0,0.2984666239470287,0.9999999999816962,0.3142184519443014,0.0750526450456101,0.9830634295358508,0.0561691637944336,0.4681624064340535,0.1761445550251996,0.4432373595160292,0.2338056385854265,0.1406844932434231,0.3282883591908389,0.4021657038911189,0.0877588936944569,0.4171306260578483,0.1095009449112122,0.3385273307236982,0.1039107175173132,0.1681390663538477,0.353413089550386,0.2842616725583332,0.4666624198626086,0.2467363925689052,0.9617675006243368,0.3713837843904206,0.9981237038608278,0.3942977751173353,0.1166528437489527,0.4556311394857125,0.3083926070327259,0.299027102368794,0.171513759609843,0.481384086119622,0.3400090181263988,0.4325460077546701,0.2940967443641848,0.9999996501033588,0.5699433491228852
792.0,0.2541000517438826,7.084010498329747e-68,0.3172082499467189,0.0745774172435831,0.99999999999998,0.9902307519899978,0.4685483088346769,0.203702839240377,0.425115522772889,0.9999173547912118,0.1204690538452804,0.3100471746523252,0.4105409057875508,0.0897229245077591,0.3978822503569694,0.3973497360483037,0.5889946879220205,0.1045428122453255,0.9999999467235628,0.3634286687013816,0.2772501426201685,0.4479121467012384,0.5739096344732627,0.4329879091991475,0.3569914501364307,1.653932139838284e-07,0.6256349287440096,1.0,0.4546840628393904,0.3157312046924649,0.2989729936890728,0.999999235707426,0.6778159190374702,0.0842331996607635,0.4345032519125566,0.5140342232752281,0.6049925489741561,0.5976113515556521
815.0,0.8289055745851037,0.2251925316949294,0.3221063543650834,0.0139948230371817,8.372121566848272e-29,0.9974330499748992,0.4627289844191233,0.0907834398222264,0.4373237116053744,0.2382837467460858,0.6569860496523628,0.2927857709931883,0.4063079737685765,0.0871644172267444,0.3874179827948007,0.9234227677757748,0.3275087002148979,0.1045295591147688,0.1003569683280458,0.9016237648830252,0.9958355180071324,0.1450879001868904,0.9993641828447466,0.4281255345231099,0.3819147164192783,0.2713495842379821,0.3995722012418408,0.9499815458429482,0.4590983145097345,0.0318600878877401,0.2922417504462685,0.1651212843730899,0.4697106425276756,0.3357082144914103,0.4325460077546701,0.4029598995359651,0.3818565308508745,0.6916782140933319
833.0,0.9950594911496934,0.0328613191320893,0.5832056039901817,0.9999999995918196,0.9404675772877176,0.9943481798016854,0.4676866535936524,0.999999999999864,0.4426141791505878,0.5498326620611829,0.1145680717580454,0.3118497296757276,0.4238068089970776,0.1134349394091226,0.4171306260578483,0.3953272231424256,0.7636628208741291,0.0993923882598901,0.3549133373613195,0.3550351083397034,0.8292317664387426,0.4186063479809409,0.5256031255691335,0.0679060650871582,0.4014203639692337,0.8620547345881239,0.7807657347809129,0.000153681128187,0.4400634185494474,0.2639309275250542,0.714939045423035,0.1659017155021719,0.0004690194703834,0.3311853166406335,0.9945269758783224,0.3000361874777041,0.2594629137866001,0.2510146479322249
835.0,0.999999753899402,0.7270318446970585,9.542002884019792e-05,0.7273810196756,0.9999998288609876,0.0388948544370196,0.46738919742909,0.8170255336354797,0.4392448945820106,0.9970770803887756,0.1145390004850826,0.3008328500790658,0.673102306480408,0.0611543619545926,0.3754191212615909,0.3928673576443779,0.3257892981045907,0.0895064833612821,0.999969364263638,0.349964068114797,0.9999921642754444,0.4518790924814195,0.1662782331374161,0.0766363336948074,0.3642412852878716,0.9999989262248756,0.3928690057465173,0.5978455522817069,0.4476842768374543,0.535781872518333,0.9997418999290276,0.1654457888216458,0.09200702978272,0.5401709889602649,0.4257229205421787,0.5777670717607216,0.8399209778670348,0.5641853016785197
836.0,0.8462924584338003,0.031417650887143,0.0353423987220437,6.343150336481594e-17,0.999999989979831,0.0393564559809489,0.4634809455932822,0.999590435368838,0.4379747413402656,0.0441091687299887,0.9783729335493396,0.2937984820845246,0.6738235751023193,,0.3677157462090144,0.3892878671540606,0.5617098453853484,0.99835301946859,0.1718372469442145,0.3469503303252214,0.0010058120578307,0.4511517675576872,0.9985076044306046,0.428667102406252,0.3575010240063435,0.2783714368110802,0.387665963398476,0.0521965852864435,0.4470547885632612,0.3259452774795325,0.2887590549865684,4.495474108967978e-19,0.9999999939744894,0.0199050897009877,0.4230285300182722,0.999059125849163,0.4857178576561401,0.8567780895463882
841.0,0.9909025127994856,0.0251760119714025,0.3290907743578752,0.0731630727819784,0.2360187443761973,0.0497029067484899,0.4657403567428378,0.1389206241801038,0.437872694042414,0.0021348305749224,0.9983507888966644,1.787950487591952e-07,0.4330976741735704,,0.3978822503569694,0.4055660406692763,0.7833440745754691,0.1077832379585876,0.1851391140554953,0.9912446482862451,0.999222216726835,0.5067831421970767,0.999898905088628,0.438167794572797,0.3675214818076247,0.1472902608234727,0.4122315441031115,0.0023101854385311,0.6775527669365002,0.3259452774795325,0.3123684960704504,0.1651916455448322,0.3116037959237584,0.3357082144914103,0.4353928128160652,0.4705694025723091,0.2512329198318135,0.3585520314759233
845.0,0.2246811350658615,0.0391372054597406,0.3117979382861477,0.5719800901816334,0.9999988182664916,0.0359294035937278,0.4668820572188581,0.1982960044858224,0.437872694042414,0.0050594239706096,0.1145390030230034,0.2983832847330686,0.4044295265066628,,0.3754191212615909,0.3978122614898537,0.3257892981045907,0.0901995940327579,0.1663128566652273,0.95511709928674,0.9962559736918268,0.6595870302415358,0.0660550631917026,0.4287317804030567,0.3641633436951575,0.99934861853506,0.2903354160998972,0.997099557577581,0.6392262528452956,0.3026466378236529,0.2924312013494048,0.1876599182884613,0.4743864561077006,0.3396019180888232,0.4257229205421787,0.9908602181709204,0.2084470212575444,0.7904188848181882
851.0,0.0845365394846797,0.0349882650449784,0.1092309228792066,0.0131253298561274,0.9987756526745976,0.0721611602047585,,0.2563574131710378,0.4432373595160292,0.2833819274508667,3.903677059517169e-19,0.0112985306207806,0.4063079737685765,,0.3907769784150777,0.3892878671540606,0.384394116641995,0.1116729978889445,0.9943558804227106,0.9976277752033772,0.3146363773724914,0.4666624198626086,0.2467363925689052,0.4281255345231099,0.4014203639692337,0.2969838143223524,0.1908924162125436,0.1108018226252961,0.2235678219240917,0.3576820603270437,0.3408529734320543,0.999998190087241,5.199926813956687e-14,0.0088017744228322,0.448532452083079,0.9963827774039864,0.1492259055302536,0.4352371227355705
